201306-citibike-tripdata.csv, "tripduration","starttime","stoptime","start station id","start station name","start station latitude","start station longitude","end station id","end station name","end station latitude","end station longitude","bikeid","usertype","birth year","gender"
2013-07 - Citi Bike trip data.csv, "tripduration","starttime","stoptime","start station id","start station name","start station latitude","start station longitude","end station id","end station name","end station latitude","end station longitude","bikeid","usertype","birth year","gender"
2013-08 - Citi Bike trip data.csv, "tripduration","starttime","stoptime","start station id","start station name","start station latitude","start station longitude","end station id","end station name","end station latitude","end station longitude","bikeid","usertype","birth year","gender"
2013-09 - Citi Bike trip data.csv, "tripduration","starttime","stoptime","start station id","start station name","start station latitude","start station longitude","end station id","end station name","end station latitude","end station longitude","bikeid","usertype","birth year","gender"
2013-10 - Citi Bike trip data.csv, "tripduration","starttime","stoptime","start station id","start station name","start station latitude","start station longitude","end station id","end station name","end station latitude","end station longitude","bikeid","usertype","birth year","gender"
2013-11 - Citi Bike trip data.csv, "tripduration","starttime","stoptime","start station id","start station name","start station latitude","start station longitude","end station id","end station name","end station latitude","end station longitude","bikeid","usertype","birth year","gender"
2013-12 - Citi Bike trip data.csv, "tripduration","starttime","stoptime","start station id","start station name","start station latitude","start station longitude","end station id","end station name","end station latitude","end station longitude","bikeid","usertype","birth year","gender"
2014-01 - Citi Bike trip data.csv, "tripduration","starttime","stoptime","start station id","start station name","start station latitude","start station longitude","end station id","end station name","end station latitude","end station longitude","bikeid","usertype","birth year","gender"
2014-02 - Citi Bike trip data.csv, "tripduration","starttime","stoptime","start station id","start station name","start station latitude","start station longitude","end station id","end station name","end station latitude","end station longitude","bikeid","usertype","birth year","gender"
2014-03 - Citi Bike trip data.csv, "tripduration","starttime","stoptime","start station id","start station name","start station latitude","start station longitude","end station id","end station name","end station latitude","end station longitude","bikeid","usertype","birth year","gender"
2014-04 - Citi Bike trip data.csv, "tripduration","starttime","stoptime","start station id","start station name","start station latitude","start station longitude","end station id","end station name","end station latitude","end station longitude","bikeid","usertype","birth year","gender"
2014-05 - Citi Bike trip data.csv, "tripduration","starttime","stoptime","start station id","start station name","start station latitude","start station longitude","end station id","end station name","end station latitude","end station longitude","bikeid","usertype","birth year","gender"
2014-06 - Citi Bike trip data.csv, "tripduration","starttime","stoptime","start station id","start station name","start station latitude","start station longitude","end station id","end station name","end station latitude","end station longitude","bikeid","usertype","birth year","gender"
2014-07 - Citi Bike trip data.csv, "tripduration","starttime","stoptime","start station id","start station name","start station latitude","start station longitude","end station id","end station name","end station latitude","end station longitude","bikeid","usertype","birth year","gender"
2014-08 - Citi Bike trip data.csv, "tripduration","starttime","stoptime","start station id","start station name","start station latitude","start station longitude","end station id","end station name","end station latitude","end station longitude","bikeid","usertype","birth year","gender"
201409-citibike-tripdata.csv, "tripduration","starttime","stoptime","start station id","start station name","start station latitude","start station longitude","end station id","end station name","end station latitude","end station longitude","bikeid","usertype","birth year","gender"
201410-citibike-tripdata.csv, "tripduration","starttime","stoptime","start station id","start station name","start station latitude","start station longitude","end station id","end station name","end station latitude","end station longitude","bikeid","usertype","birth year","gender"
201411-citibike-tripdata.csv, "tripduration","starttime","stoptime","start station id","start station name","start station latitude","start station longitude","end station id","end station name","end station latitude","end station longitude","bikeid","usertype","birth year","gender"
201412-citibike-tripdata.csv, "tripduration","starttime","stoptime","start station id","start station name","start station latitude","start station longitude","end station id","end station name","end station latitude","end station longitude","bikeid","usertype","birth year","gender"
201501-citibike-tripdata.csv, tripduration,starttime,stoptime,start station id,start station name,start station latitude,start station longitude,end station id,end station name,end station latitude,end station longitude,bikeid,usertype,birth year,gender
201502-citibike-tripdata.csv, tripduration,starttime,stoptime,start station id,start station name,start station latitude,start station longitude,end station id,end station name,end station latitude,end station longitude,bikeid,usertype,birth year,gender
201503-citibike-tripdata.csv, tripduration,starttime,stoptime,start station id,start station name,start station latitude,start station longitude,end station id,end station name,end station latitude,end station longitude,bikeid,usertype,birth year,gender
201504-citibike-tripdata.csv, "tripduration","starttime","stoptime","start station id","start station name","start station latitude","start station longitude","end station id","end station name","end station latitude","end station longitude","bikeid","usertype","birth year","gender"
201505-citibike-tripdata.csv, "tripduration","starttime","stoptime","start station id","start station name","start station latitude","start station longitude","end station id","end station name","end station latitude","end station longitude","bikeid","usertype","birth year","gender"
201506-citibike-tripdata.csv, tripduration,starttime,stoptime,start station id,start station name,start station latitude,start station longitude,end station id,end station name,end station latitude,end station longitude,bikeid,usertype,birth year,gender
201507-citibike-tripdata.csv, "tripduration","starttime","stoptime","start station id","start station name","start station latitude","start station longitude","end station id","end station name","end station latitude","end station longitude","bikeid","usertype","birth year","gender"
201508-citibike-tripdata.csv, "tripduration","starttime","stoptime","start station id","start station name","start station latitude","start station longitude","end station id","end station name","end station latitude","end station longitude","bikeid","usertype","birth year","gender"
201509-citibike-tripdata.csv, "tripduration","starttime","stoptime","start station id","start station name","start station latitude","start station longitude","end station id","end station name","end station latitude","end station longitude","bikeid","usertype","birth year","gender"
201510-citibike-tripdata.csv, "tripduration","starttime","stoptime","start station id","start station name","start station latitude","start station longitude","end station id","end station name","end station latitude","end station longitude","bikeid","usertype","birth year","gender"
201511-citibike-tripdata.csv, "tripduration","starttime","stoptime","start station id","start station name","start station latitude","start station longitude","end station id","end station name","end station latitude","end station longitude","bikeid","usertype","birth year","gender"
201512-citibike-tripdata.csv, "tripduration","starttime","stoptime","start station id","start station name","start station latitude","start station longitude","end station id","end station name","end station latitude","end station longitude","bikeid","usertype","birth year","gender"
201601-citibike-tripdata.csv, "tripduration","starttime","stoptime","start station id","start station name","start station latitude","start station longitude","end station id","end station name","end station latitude","end station longitude","bikeid","usertype","birth year","gender"
201602-citibike-tripdata.csv, "tripduration","starttime","stoptime","start station id","start station name","start station latitude","start station longitude","end station id","end station name","end station latitude","end station longitude","bikeid","usertype","birth year","gender"
201603-citibike-tripdata.csv, "tripduration","starttime","stoptime","start station id","start station name","start station latitude","start station longitude","end station id","end station name","end station latitude","end station longitude","bikeid","usertype","birth year","gender"
201604-citibike-tripdata.csv, "tripduration","starttime","stoptime","start station id","start station name","start station latitude","start station longitude","end station id","end station name","end station latitude","end station longitude","bikeid","usertype","birth year","gender"
201605-citibike-tripdata.csv, "tripduration","starttime","stoptime","start station id","start station name","start station latitude","start station longitude","end station id","end station name","end station latitude","end station longitude","bikeid","usertype","birth year","gender"
201606-citibike-tripdata.csv, "tripduration","starttime","stoptime","start station id","start station name","start station latitude","start station longitude","end station id","end station name","end station latitude","end station longitude","bikeid","usertype","birth year","gender"
201607-citibike-tripdata.csv, "tripduration","starttime","stoptime","start station id","start station name","start station latitude","start station longitude","end station id","end station name","end station latitude","end station longitude","bikeid","usertype","birth year","gender"
201608-citibike-tripdata.csv, "tripduration","starttime","stoptime","start station id","start station name","start station latitude","start station longitude","end station id","end station name","end station latitude","end station longitude","bikeid","usertype","birth year","gender"
201609-citibike-tripdata.csv, "tripduration","starttime","stoptime","start station id","start station name","start station latitude","start station longitude","end station id","end station name","end station latitude","end station longitude","bikeid","usertype","birth year","gender"
201610-citibike-tripdata.csv, Trip Duration,Start Time,Stop Time,Start Station ID,Start Station Name,Start Station Latitude,Start Station Longitude,End Station ID,End Station Name,End Station Latitude,End Station Longitude,Bike ID,User Type,Birth Year,Gender
201611-citibike-tripdata.csv, Trip Duration,Start Time,Stop Time,Start Station ID,Start Station Name,Start Station Latitude,Start Station Longitude,End Station ID,End Station Name,End Station Latitude,End Station Longitude,Bike ID,User Type,Birth Year,Gender
201612-citibike-tripdata.csv, Trip Duration,Start Time,Stop Time,Start Station ID,Start Station Name,Start Station Latitude,Start Station Longitude,End Station ID,End Station Name,End Station Latitude,End Station Longitude,Bike ID,User Type,Birth Year,Gender
201701-citibike-tripdata.csv, Trip Duration,Start Time,Stop Time,Start Station ID,Start Station Name,Start Station Latitude,Start Station Longitude,End Station ID,End Station Name,End Station Latitude,End Station Longitude,Bike ID,User Type,Birth Year,Gender
201702-citibike-tripdata.csv, Trip Duration,Start Time,Stop Time,Start Station ID,Start Station Name,Start Station Latitude,Start Station Longitude,End Station ID,End Station Name,End Station Latitude,End Station Longitude,Bike ID,User Type,Birth Year,Gender
201703-citibike-tripdata.csv, Trip Duration,Start Time,Stop Time,Start Station ID,Start Station Name,Start Station Latitude,Start Station Longitude,End Station ID,End Station Name,End Station Latitude,End Station Longitude,Bike ID,User Type,Birth Year,Gender
201704-citibike-tripdata.csv, "tripduration","starttime","stoptime","start station id","start station name","start station latitude","start station longitude","end station id","end station name","end station latitude","end station longitude","bikeid","usertype","birth year","gender"
201705-citibike-tripdata.csv, "tripduration","starttime","stoptime","start station id","start station name","start station latitude","start station longitude","end station id","end station name","end station latitude","end station longitude","bikeid","usertype","birth year","gender"
201706-citibike-tripdata.csv, "tripduration","starttime","stoptime","start station id","start station name","start station latitude","start station longitude","end station id","end station name","end station latitude","end station longitude","bikeid","usertype","birth year","gender"
201707-citibike-tripdata.csv, "tripduration","starttime","stoptime","start station id","start station name","start station latitude","start station longitude","end station id","end station name","end station latitude","end station longitude","bikeid","usertype","birth year","gender"
201708-citibike-tripdata.csv, "tripduration","starttime","stoptime","start station id","start station name","start station latitude","start station longitude","end station id","end station name","end station latitude","end station longitude","bikeid","usertype","birth year","gender"
201709-citibike-tripdata.csv, "tripduration","starttime","stoptime","start station id","start station name","start station latitude","start station longitude","end station id","end station name","end station latitude","end station longitude","bikeid","usertype","birth year","gender"
201710-citibike-tripdata.csv, "tripduration","starttime","stoptime","start station id","start station name","start station latitude","start station longitude","end station id","end station name","end station latitude","end station longitude","bikeid","usertype","birth year","gender"
201711-citibike-tripdata.csv, "tripduration","starttime","stoptime","start station id","start station name","start station latitude","start station longitude","end station id","end station name","end station latitude","end station longitude","bikeid","usertype","birth year","gender"
201712-citibike-tripdata.csv, "tripduration","starttime","stoptime","start station id","start station name","start station latitude","start station longitude","end station id","end station name","end station latitude","end station longitude","bikeid","usertype","birth year","gender"
201801-citibike-tripdata.csv, "tripduration","starttime","stoptime","start station id","start station name","start station latitude","start station longitude","end station id","end station name","end station latitude","end station longitude","bikeid","usertype","birth year","gender"
201802-citibike-tripdata.csv, "tripduration","starttime","stoptime","start station id","start station name","start station latitude","start station longitude","end station id","end station name","end station latitude","end station longitude","bikeid","usertype","birth year","gender"
201803-citibike-tripdata.csv, "tripduration","starttime","stoptime","start station id","start station name","start station latitude","start station longitude","end station id","end station name","end station latitude","end station longitude","bikeid","usertype","birth year","gender"
201804-citibike-tripdata.csv, "tripduration","starttime","stoptime","start station id","start station name","start station latitude","start station longitude","end station id","end station name","end station latitude","end station longitude","bikeid","usertype","birth year","gender"
201805-citibike-tripdata.csv, "tripduration","starttime","stoptime","start station id","start station name","start station latitude","start station longitude","end station id","end station name","end station latitude","end station longitude","bikeid","usertype","birth year","gender"
201806-citibike-tripdata.csv, "tripduration","starttime","stoptime","start station id","start station name","start station latitude","start station longitude","end station id","end station name","end station latitude","end station longitude","bikeid","usertype","birth year","gender"
201807-citibike-tripdata.csv, "tripduration","starttime","stoptime","start station id","start station name","start station latitude","start station longitude","end station id","end station name","end station latitude","end station longitude","bikeid","usertype","birth year","gender"
201808-citibike-tripdata.csv, "tripduration","starttime","stoptime","start station id","start station name","start station latitude","start station longitude","end station id","end station name","end station latitude","end station longitude","bikeid","usertype","birth year","gender"
201809-citibike-tripdata.csv, "tripduration","starttime","stoptime","start station id","start station name","start station latitude","start station longitude","end station id","end station name","end station latitude","end station longitude","bikeid","usertype","birth year","gender"
201810-citibike-tripdata.csv, "tripduration","starttime","stoptime","start station id","start station name","start station latitude","start station longitude","end station id","end station name","end station latitude","end station longitude","bikeid","usertype","birth year","gender"
201811-citibike-tripdata.csv, "tripduration","starttime","stoptime","start station id","start station name","start station latitude","start station longitude","end station id","end station name","end station latitude","end station longitude","bikeid","usertype","birth year","gender"
201812-citibike-tripdata.csv, "tripduration","starttime","stoptime","start station id","start station name","start station latitude","start station longitude","end station id","end station name","end station latitude","end station longitude","bikeid","usertype","birth year","gender"
201901-citibike-tripdata.csv, "tripduration","starttime","stoptime","start station id","start station name","start station latitude","start station longitude","end station id","end station name","end station latitude","end station longitude","bikeid","usertype","birth year","gender"
201902-citibike-tripdata.csv, "tripduration","starttime","stoptime","start station id","start station name","start station latitude","start station longitude","end station id","end station name","end station latitude","end station longitude","bikeid","usertype","birth year","gender"
201903-citibike-tripdata.csv, "tripduration","starttime","stoptime","start station id","start station name","start station latitude","start station longitude","end station id","end station name","end station latitude","end station longitude","bikeid","usertype","birth year","gender"
201904-citibike-tripdata.csv, "tripduration","starttime","stoptime","start station id","start station name","start station latitude","start station longitude","end station id","end station name","end station latitude","end station longitude","bikeid","usertype","birth year","gender"
201905-citibike-tripdata.csv, "tripduration","starttime","stoptime","start station id","start station name","start station latitude","start station longitude","end station id","end station name","end station latitude","end station longitude","bikeid","usertype","birth year","gender"
201906-citibike-tripdata.csv, "tripduration","starttime","stoptime","start station id","start station name","start station latitude","start station longitude","end station id","end station name","end station latitude","end station longitude","bikeid","usertype","birth year","gender"
201907-citibike-tripdata.csv, "tripduration","starttime","stoptime","start station id","start station name","start station latitude","start station longitude","end station id","end station name","end station latitude","end station longitude","bikeid","usertype","birth year","gender"
201908-citibike-tripdata.csv, "tripduration","starttime","stoptime","start station id","start station name","start station latitude","start station longitude","end station id","end station name","end station latitude","end station longitude","bikeid","usertype","birth year","gender"
201909-citibike-tripdata.csv, "tripduration","starttime","stoptime","start station id","start station name","start station latitude","start station longitude","end station id","end station name","end station latitude","end station longitude","bikeid","usertype","birth year","gender"
201910-citibike-tripdata.csv, "tripduration","starttime","stoptime","start station id","start station name","start station latitude","start station longitude","end station id","end station name","end station latitude","end station longitude","bikeid","usertype","birth year","gender"
201911-citibike-tripdata.csv, "tripduration","starttime","stoptime","start station id","start station name","start station latitude","start station longitude","end station id","end station name","end station latitude","end station longitude","bikeid","usertype","birth year","gender"
201912-citibike-tripdata.csv, "tripduration","starttime","stoptime","start station id","start station name","start station latitude","start station longitude","end station id","end station name","end station latitude","end station longitude","bikeid","usertype","birth year","gender"
202001-citibike-tripdata.csv, "tripduration","starttime","stoptime","start station id","start station name","start station latitude","start station longitude","end station id","end station name","end station latitude","end station longitude","bikeid","usertype","birth year","gender"
202002-citibike-tripdata.csv, "tripduration","starttime","stoptime","start station id","start station name","start station latitude","start station longitude","end station id","end station name","end station latitude","end station longitude","bikeid","usertype","birth year","gender"
202003-citibike-tripdata.csv, "tripduration","starttime","stoptime","start station id","start station name","start station latitude","start station longitude","end station id","end station name","end station latitude","end station longitude","bikeid","usertype","birth year","gender"
202004-citibike-tripdata.csv, "tripduration","starttime","stoptime","start station id","start station name","start station latitude","start station longitude","end station id","end station name","end station latitude","end station longitude","bikeid","usertype","birth year","gender"
202005-citibike-tripdata.csv, "tripduration","starttime","stoptime","start station id","start station name","start station latitude","start station longitude","end station id","end station name","end station latitude","end station longitude","bikeid","usertype","birth year","gender"
202006-citibike-tripdata.csv, "tripduration","starttime","stoptime","start station id","start station name","start station latitude","start station longitude","end station id","end station name","end station latitude","end station longitude","bikeid","usertype","birth year","gender"
202007-citibike-tripdata.csv, "tripduration","starttime","stoptime","start station id","start station name","start station latitude","start station longitude","end station id","end station name","end station latitude","end station longitude","bikeid","usertype","birth year","gender"
202008-citibike-tripdata.csv, "tripduration","starttime","stoptime","start station id","start station name","start station latitude","start station longitude","end station id","end station name","end station latitude","end station longitude","bikeid","usertype","birth year","gender"
202009-citibike-tripdata.csv, "tripduration","starttime","stoptime","start station id","start station name","start station latitude","start station longitude","end station id","end station name","end station latitude","end station longitude","bikeid","usertype","birth year","gender"
202010-citibike-tripdata.csv, "tripduration","starttime","stoptime","start station id","start station name","start station latitude","start station longitude","end station id","end station name","end station latitude","end station longitude","bikeid","usertype","birth year","gender"
202011-citibike-tripdata.csv, "tripduration","starttime","stoptime","start station id","start station name","start station latitude","start station longitude","end station id","end station name","end station latitude","end station longitude","bikeid","usertype","birth year","gender"
202012-citibike-tripdata.csv, "tripduration","starttime","stoptime","start station id","start station name","start station latitude","start station longitude","end station id","end station name","end station latitude","end station longitude","bikeid","usertype","birth year","gender"
202101-citibike-tripdata.csv, "tripduration","starttime","stoptime","start station id","start station name","start station latitude","start station longitude","end station id","end station name","end station latitude","end station longitude","bikeid","usertype","birth year","gender"
202102-citibike-tripdata.csv, ride_id,rideable_type,started_at,ended_at,start_station_name,start_station_id,end_station_name,end_station_id,start_lat,start_lng,end_lat,end_lng,member_casual
202103-citibike-tripdata.csv, ride_id,rideable_type,started_at,ended_at,start_station_name,start_station_id,end_station_name,end_station_id,start_lat,start_lng,end_lat,end_lng,member_casual
202104-citibike-tripdata.csv, ride_id,rideable_type,started_at,ended_at,start_station_name,start_station_id,end_station_name,end_station_id,start_lat,start_lng,end_lat,end_lng,member_casual
202105-citibike-tripdata.csv, ride_id,rideable_type,started_at,ended_at,start_station_name,start_station_id,end_station_name,end_station_id,start_lat,start_lng,end_lat,end_lng,member_casual
202106-citibike-tripdata.csv, ride_id,rideable_type,started_at,ended_at,start_station_name,start_station_id,end_station_name,end_station_id,start_lat,start_lng,end_lat,end_lng,member_casual
202107-citibike-tripdata.csv, ride_id,rideable_type,started_at,ended_at,start_station_name,start_station_id,end_station_name,end_station_id,start_lat,start_lng,end_lat,end_lng,member_casual
202108-citibike-tripdata.csv, ride_id,rideable_type,started_at,ended_at,start_station_name,start_station_id,end_station_name,end_station_id,start_lat,start_lng,end_lat,end_lng,member_casual
202109-citibike-tripdata.csv, ride_id,rideable_type,started_at,ended_at,start_station_name,start_station_id,end_station_name,end_station_id,start_lat,start_lng,end_lat,end_lng,member_casual
202110-citibike-tripdata.csv, ride_id,rideable_type,started_at,ended_at,start_station_name,start_station_id,end_station_name,end_station_id,start_lat,start_lng,end_lat,end_lng,member_casual
202111-citibike-tripdata.csv, ride_id,rideable_type,started_at,ended_at,start_station_name,start_station_id,end_station_name,end_station_id,start_lat,start_lng,end_lat,end_lng,member_casual
202112-citibike-tripdata.csv, ride_id,rideable_type,started_at,ended_at,start_station_name,start_station_id,end_station_name,end_station_id,start_lat,start_lng,end_lat,end_lng,member_casual
202201-citibike-tripdata.csv, ride_id,rideable_type,started_at,ended_at,start_station_name,start_station_id,end_station_name,end_station_id,start_lat,start_lng,end_lat,end_lng,member_casual
202202-citibike-tripdata.csv, ride_id,rideable_type,started_at,ended_at,start_station_name,start_station_id,end_station_name,end_station_id,start_lat,start_lng,end_lat,end_lng,member_casual
202203-citibike-tripdata.csv, ride_id,rideable_type,started_at,ended_at,start_station_name,start_station_id,end_station_name,end_station_id,start_lat,start_lng,end_lat,end_lng,member_casual
202204-citibike-tripdata.csv, ride_id,rideable_type,started_at,ended_at,start_station_name,start_station_id,end_station_name,end_station_id,start_lat,start_lng,end_lat,end_lng,member_casual
202205-citibike-tripdata.csv, ride_id,rideable_type,started_at,ended_at,start_station_name,start_station_id,end_station_name,end_station_id,start_lat,start_lng,end_lat,end_lng,member_casual
202206-citbike-tripdata.csv, ride_id,rideable_type,started_at,ended_at,start_station_name,start_station_id,end_station_name,end_station_id,start_lat,start_lng,end_lat,end_lng,member_casual
202207-citbike-tripdata.csv, ride_id,rideable_type,started_at,ended_at,start_station_name,start_station_id,end_station_name,end_station_id,start_lat,start_lng,end_lat,end_lng,member_casual
JC-201509-citibike-tripdata.csv, Trip Duration,Start Time,Stop Time,Start Station ID,Start Station Name,Start Station Latitude,Start Station Longitude,End Station ID,End Station Name,End Station Latitude,End Station Longitude,Bike ID,User Type,Birth Year,Gender
JC-201510-citibike-tripdata.csv, Trip Duration,Start Time,Stop Time,Start Station ID,Start Station Name,Start Station Latitude,Start Station Longitude,End Station ID,End Station Name,End Station Latitude,End Station Longitude,Bike ID,User Type,Birth Year,Gender
JC-201511-citibike-tripdata.csv, Trip Duration,Start Time,Stop Time,Start Station ID,Start Station Name,Start Station Latitude,Start Station Longitude,End Station ID,End Station Name,End Station Latitude,End Station Longitude,Bike ID,User Type,Birth Year,Gender
JC-201512-citibike-tripdata.csv, Trip Duration,Start Time,Stop Time,Start Station ID,Start Station Name,Start Station Latitude,Start Station Longitude,End Station ID,End Station Name,End Station Latitude,End Station Longitude,Bike ID,User Type,Birth Year,Gender
JC-201604-citibike-tripdata.csv, Trip Duration,Start Time,Stop Time,Start Station ID,Start Station Name,Start Station Latitude,Start Station Longitude,End Station ID,End Station Name,End Station Latitude,End Station Longitude,Bike ID,User Type,Birth Year,Gender
JC-201605-citibike-tripdata.csv, Trip Duration,Start Time,Stop Time,Start Station ID,Start Station Name,Start Station Latitude,Start Station Longitude,End Station ID,End Station Name,End Station Latitude,End Station Longitude,Bike ID,User Type,Birth Year,Gender
JC-201606-citibike-tripdata.csv, Trip Duration,Start Time,Stop Time,Start Station ID,Start Station Name,Start Station Latitude,Start Station Longitude,End Station ID,End Station Name,End Station Latitude,End Station Longitude,Bike ID,User Type,Birth Year,Gender
JC-201607-citibike-tripdata.csv, Trip Duration,Start Time,Stop Time,Start Station ID,Start Station Name,Start Station Latitude,Start Station Longitude,End Station ID,End Station Name,End Station Latitude,End Station Longitude,Bike ID,User Type,Birth Year,Gender
JC-201608-citibike-tripdata.csv, Trip Duration,Start Time,Stop Time,Start Station ID,Start Station Name,Start Station Latitude,Start Station Longitude,End Station ID,End Station Name,End Station Latitude,End Station Longitude,Bike ID,User Type,Birth Year,Gender
JC-201609-citibike-tripdata.csv, Trip Duration,Start Time,Stop Time,Start Station ID,Start Station Name,Start Station Latitude,Start Station Longitude,End Station ID,End Station Name,End Station Latitude,End Station Longitude,Bike ID,User Type,Birth Year,Gender
JC-201610-citibike-tripdata.csv, Trip Duration,Start Time,Stop Time,Start Station ID,Start Station Name,Start Station Latitude,Start Station Longitude,End Station ID,End Station Name,End Station Latitude,End Station Longitude,Bike ID,User Type,Birth Year,Gender
JC-201611-citibike-tripdata.csv, Trip Duration,Start Time,Stop Time,Start Station ID,Start Station Name,Start Station Latitude,Start Station Longitude,End Station ID,End Station Name,End Station Latitude,End Station Longitude,Bike ID,User Type,Birth Year,Gender
JC-201612-citibike-tripdata.csv, Trip Duration,Start Time,Stop Time,Start Station ID,Start Station Name,Start Station Latitude,Start Station Longitude,End Station ID,End Station Name,End Station Latitude,End Station Longitude,Bike ID,User Type,Birth Year,Gender
JC-20161-citibike-tripdata.csv, Trip Duration,Start Time,Stop Time,Start Station ID,Start Station Name,Start Station Latitude,Start Station Longitude,End Station ID,End Station Name,End Station Latitude,End Station Longitude,Bike ID,User Type,Birth Year,Gender
JC-20162-citibike-tripdata.csv, Trip Duration,Start Time,Stop Time,Start Station ID,Start Station Name,Start Station Latitude,Start Station Longitude,End Station ID,End Station Name,End Station Latitude,End Station Longitude,Bike ID,User Type,Birth Year,Gender
JC-20163-citibike-tripdata.csv, Trip Duration,Start Time,Stop Time,Start Station ID,Start Station Name,Start Station Latitude,Start Station Longitude,End Station ID,End Station Name,End Station Latitude,End Station Longitude,Bike ID,User Type,Birth Year,Gender
JC-201701-citibike-tripdata.csv, Trip Duration,Start Time,Stop Time,Start Station ID,Start Station Name,Start Station Latitude,Start Station Longitude,End Station ID,End Station Name,End Station Latitude,End Station Longitude,Bike ID,User Type,Birth Year,Gender
JC-201702-citibike-tripdata.csv, Trip Duration,Start Time,Stop Time,Start Station ID,Start Station Name,Start Station Latitude,Start Station Longitude,End Station ID,End Station Name,End Station Latitude,End Station Longitude,Bike ID,User Type,Birth Year,Gender
JC-201703-citibike-tripdata.csv, Trip Duration,Start Time,Stop Time,Start Station ID,Start Station Name,Start Station Latitude,Start Station Longitude,End Station ID,End Station Name,End Station Latitude,End Station Longitude,Bike ID,User Type,Birth Year,Gender
JC-201704-citibike-tripdata.csv, "tripduration","starttime","stoptime","start station id","start station name","start station latitude","start station longitude","end station id","end station name","end station latitude","end station longitude","bikeid","usertype","birth year","gender"
JC-201705-citibike-tripdata.csv, "tripduration","starttime","stoptime","start station id","start station name","start station latitude","start station longitude","end station id","end station name","end station latitude","end station longitude","bikeid","usertype","birth year","gender"
JC-201706-citibike-tripdata.csv, "tripduration","starttime","stoptime","start station id","start station name","start station latitude","start station longitude","end station id","end station name","end station latitude","end station longitude","bikeid","usertype","birth year","gender"
JC-201707-citibike-tripdata.csv, "tripduration","starttime","stoptime","start station id","start station name","start station latitude","start station longitude","end station id","end station name","end station latitude","end station longitude","bikeid","usertype","birth year","gender"
JC-201708 citibike-tripdata.csv, "tripduration","starttime","stoptime","start station id","start station name","start station latitude","start station longitude","end station id","end station name","end station latitude","end station longitude","bikeid","usertype","birth year","gender"
JC-201709-citibike-tripdata.csv, "tripduration","starttime","stoptime","start station id","start station name","start station latitude","start station longitude","end station id","end station name","end station latitude","end station longitude","bikeid","usertype","birth year","gender"
JC-201710-citibike-tripdata.csv, "tripduration","starttime","stoptime","start station id","start station name","start station latitude","start station longitude","end station id","end station name","end station latitude","end station longitude","bikeid","usertype","birth year","gender"
JC-201711-citibike-tripdata.csv, "tripduration","starttime","stoptime","start station id","start station name","start station latitude","start station longitude","end station id","end station name","end station latitude","end station longitude","bikeid","usertype","birth year","gender"
JC-201712-citibike-tripdata.csv, "tripduration","starttime","stoptime","start station id","start station name","start station latitude","start station longitude","end station id","end station name","end station latitude","end station longitude","bikeid","usertype","birth year","gender"
JC-201801-citibike-tripdata.csv, "tripduration","starttime","stoptime","start station id","start station name","start station latitude","start station longitude","end station id","end station name","end station latitude","end station longitude","bikeid","usertype","birth year","gender"
JC-201802-citibike-tripdata.csv, "tripduration","starttime","stoptime","start station id","start station name","start station latitude","start station longitude","end station id","end station name","end station latitude","end station longitude","bikeid","usertype","birth year","gender"
JC-201803-citibike-tripdata.csv, "tripduration","starttime","stoptime","start station id","start station name","start station latitude","start station longitude","end station id","end station name","end station latitude","end station longitude","bikeid","usertype","birth year","gender"
JC-201804-citibike-tripdata.csv, "tripduration","starttime","stoptime","start station id","start station name","start station latitude","start station longitude","end station id","end station name","end station latitude","end station longitude","bikeid","usertype","birth year","gender"
JC-201805-citibike-tripdata.csv, "tripduration","starttime","stoptime","start station id","start station name","start station latitude","start station longitude","end station id","end station name","end station latitude","end station longitude","bikeid","usertype","birth year","gender"
JC-201806-citibike-tripdata.csv, "tripduration","starttime","stoptime","start station id","start station name","start station latitude","start station longitude","end station id","end station name","end station latitude","end station longitude","bikeid","usertype","birth year","gender"
JC-201807-citibike-tripdata.csv, "tripduration","starttime","stoptime","start station id","start station name","start station latitude","start station longitude","end station id","end station name","end station latitude","end station longitude","bikeid","usertype","birth year","gender"
JC-201808-citibike-tripdata.csv, "tripduration","starttime","stoptime","start station id","start station name","start station latitude","start station longitude","end station id","end station name","end station latitude","end station longitude","bikeid","usertype","birth year","gender"
JC-201809-citibike-tripdata.csv, "tripduration","starttime","stoptime","start station id","start station name","start station latitude","start station longitude","end station id","end station name","end station latitude","end station longitude","bikeid","usertype","birth year","gender"
JC-201810-citibike-tripdata.csv, "tripduration","starttime","stoptime","start station id","start station name","start station latitude","start station longitude","end station id","end station name","end station latitude","end station longitude","bikeid","usertype","birth year","gender"
JC-201811-citibike-tripdata.csv, "tripduration","starttime","stoptime","start station id","start station name","start station latitude","start station longitude","end station id","end station name","end station latitude","end station longitude","bikeid","usertype","birth year","gender"
JC-201812-citibike-tripdata.csv, "tripduration","starttime","stoptime","start station id","start station name","start station latitude","start station longitude","end station id","end station name","end station latitude","end station longitude","bikeid","usertype","birth year","gender"
JC-201901-citibike-tripdata.csv, "tripduration","starttime","stoptime","start station id","start station name","start station latitude","start station longitude","end station id","end station name","end station latitude","end station longitude","bikeid","usertype","birth year","gender"
JC-201902-citibike-tripdata.csv, "tripduration","starttime","stoptime","start station id","start station name","start station latitude","start station longitude","end station id","end station name","end station latitude","end station longitude","bikeid","usertype","birth year","gender"
JC-201903-citibike-tripdata.csv, "tripduration","starttime","stoptime","start station id","start station name","start station latitude","start station longitude","end station id","end station name","end station latitude","end station longitude","bikeid","usertype","birth year","gender"
JC-201904-citibike-tripdata.csv, "tripduration","starttime","stoptime","start station id","start station name","start station latitude","start station longitude","end station id","end station name","end station latitude","end station longitude","bikeid","usertype","birth year","gender"
JC-201905-citibike-tripdata.csv, "tripduration","starttime","stoptime","start station id","start station name","start station latitude","start station longitude","end station id","end station name","end station latitude","end station longitude","bikeid","usertype","birth year","gender"
JC-201906-citibike-tripdata.csv, "tripduration","starttime","stoptime","start station id","start station name","start station latitude","start station longitude","end station id","end station name","end station latitude","end station longitude","bikeid","usertype","birth year","gender"
JC-201907-citibike-tripdata.csv, "tripduration","starttime","stoptime","start station id","start station name","start station latitude","start station longitude","end station id","end station name","end station latitude","end station longitude","bikeid","usertype","birth year","gender"
JC-201908-citibike-tripdata.csv, "tripduration","starttime","stoptime","start station id","start station name","start station latitude","start station longitude","end station id","end station name","end station latitude","end station longitude","bikeid","usertype","birth year","gender"
JC-201909-citibike-tripdata.csv, "tripduration","starttime","stoptime","start station id","start station name","start station latitude","start station longitude","end station id","end station name","end station latitude","end station longitude","bikeid","usertype","birth year","gender"
JC-201910-citibike-tripdata.csv, "tripduration","starttime","stoptime","start station id","start station name","start station latitude","start station longitude","end station id","end station name","end station latitude","end station longitude","bikeid","usertype","birth year","gender"
JC-201911-citibike-tripdata.csv, "tripduration","starttime","stoptime","start station id","start station name","start station latitude","start station longitude","end station id","end station name","end station latitude","end station longitude","bikeid","usertype","birth year","gender"
JC-201912-citibike-tripdata.csv, "tripduration","starttime","stoptime","start station id","start station name","start station latitude","start station longitude","end station id","end station name","end station latitude","end station longitude","bikeid","usertype","birth year","gender"
JC-202001-citibike-tripdata.csv, "tripduration","starttime","stoptime","start station id","start station name","start station latitude","start station longitude","end station id","end station name","end station latitude","end station longitude","bikeid","usertype","birth year","gender"
JC-202002-citibike-tripdata.csv, "tripduration","starttime","stoptime","start station id","start station name","start station latitude","start station longitude","end station id","end station name","end station latitude","end station longitude","bikeid","usertype","birth year","gender"
JC-202003-citibike-tripdata.csv, "tripduration","starttime","stoptime","start station id","start station name","start station latitude","start station longitude","end station id","end station name","end station latitude","end station longitude","bikeid","usertype","birth year","gender"
JC-202004-citibike-tripdata.csv, "tripduration","starttime","stoptime","start station id","start station name","start station latitude","start station longitude","end station id","end station name","end station latitude","end station longitude","bikeid","usertype","birth year","gender"
JC-202005-citibike-tripdata.csv, "tripduration","starttime","stoptime","start station id","start station name","start station latitude","start station longitude","end station id","end station name","end station latitude","end station longitude","bikeid","usertype","birth year","gender"
JC-202006-citibike-tripdata.csv, "tripduration","starttime","stoptime","start station id","start station name","start station latitude","start station longitude","end station id","end station name","end station latitude","end station longitude","bikeid","usertype","birth year","gender"
JC-202007-citibike-tripdata.csv, "tripduration","starttime","stoptime","start station id","start station name","start station latitude","start station longitude","end station id","end station name","end station latitude","end station longitude","bikeid","usertype","birth year","gender"
JC-202008-citibike-tripdata.csv, "tripduration","starttime","stoptime","start station id","start station name","start station latitude","start station longitude","end station id","end station name","end station latitude","end station longitude","bikeid","usertype","birth year","gender"
JC-202009-citibike-tripdata.csv, "tripduration","starttime","stoptime","start station id","start station name","start station latitude","start station longitude","end station id","end station name","end station latitude","end station longitude","bikeid","usertype","birth year","gender"
JC-202010-citibike-tripdata.csv, "tripduration","starttime","stoptime","start station id","start station name","start station latitude","start station longitude","end station id","end station name","end station latitude","end station longitude","bikeid","usertype","birth year","gender"
JC-202011-citibike-tripdata.csv, "tripduration","starttime","stoptime","start station id","start station name","start station latitude","start station longitude","end station id","end station name","end station latitude","end station longitude","bikeid","usertype","birth year","gender"
JC-202012-citibike-tripdata.csv, "tripduration","starttime","stoptime","start station id","start station name","start station latitude","start station longitude","end station id","end station name","end station latitude","end station longitude","bikeid","usertype","birth year","gender"
JC-202101-citibike-tripdata.csv, "tripduration","starttime","stoptime","start station id","start station name","start station latitude","start station longitude","end station id","end station name","end station latitude","end station longitude","bikeid","usertype","birth year","gender"
JC-202102-citibike-tripdata.csv, ride_id,rideable_type,started_at,ended_at,start_station_name,start_station_id,end_station_name,end_station_id,start_lat,start_lng,end_lat,end_lng,member_casual
JC-202103-citibike-tripdata.csv, ride_id,rideable_type,started_at,ended_at,start_station_name,start_station_id,end_station_name,end_station_id,start_lat,start_lng,end_lat,end_lng,member_casual
JC-202104-citibike-tripdata.csv, ride_id,rideable_type,started_at,ended_at,start_station_name,start_station_id,end_station_name,end_station_id,start_lat,start_lng,end_lat,end_lng,member_casual
JC-202105-citibike-tripdata.csv, ride_id,rideable_type,started_at,ended_at,start_station_name,start_station_id,end_station_name,end_station_id,start_lat,start_lng,end_lat,end_lng,member_casual
JC-202106-citibike-tripdata.csv, ride_id,rideable_type,started_at,ended_at,start_station_name,start_station_id,end_station_name,end_station_id,start_lat,start_lng,end_lat,end_lng,member_casual
JC-202107-citibike-tripdata.csv, ride_id,rideable_type,started_at,ended_at,start_station_name,start_station_id,end_station_name,end_station_id,start_lat,start_lng,end_lat,end_lng,member_casual
JC-202108-citibike-tripdata.csv, ride_id,rideable_type,started_at,ended_at,start_station_name,start_station_id,end_station_name,end_station_id,start_lat,start_lng,end_lat,end_lng,member_casual
JC-202109-citibike-tripdata.csv, ride_id,rideable_type,started_at,ended_at,start_station_name,start_station_id,end_station_name,end_station_id,start_lat,start_lng,end_lat,end_lng,member_casual
JC-202110-citibike-tripdata.csv, ride_id,rideable_type,started_at,ended_at,start_station_name,start_station_id,end_station_name,end_station_id,start_lat,start_lng,end_lat,end_lng,member_casual
JC-202111-citibike-tripdata.csv, ride_id,rideable_type,started_at,ended_at,start_station_name,start_station_id,end_station_name,end_station_id,start_lat,start_lng,end_lat,end_lng,member_casual
JC-202112-citibike-tripdata.csv, ride_id,rideable_type,started_at,ended_at,start_station_name,start_station_id,end_station_name,end_station_id,start_lat,start_lng,end_lat,end_lng,member_casual
JC-202201-citibike-tripdata.csv, ride_id,rideable_type,started_at,ended_at,start_station_name,start_station_id,end_station_name,end_station_id,start_lat,start_lng,end_lat,end_lng,member_casual
JC-202202-citibike-tripdata.csv, ride_id,rideable_type,started_at,ended_at,start_station_name,start_station_id,end_station_name,end_station_id,start_lat,start_lng,end_lat,end_lng,member_casual
JC-202203-citibike-tripdata.csv, ride_id,rideable_type,started_at,ended_at,start_station_name,start_station_id,end_station_name,end_station_id,start_lat,start_lng,end_lat,end_lng,member_casual
JC-202204-citibike-tripdata.csv, ride_id,rideable_type,started_at,ended_at,start_station_name,start_station_id,end_station_name,end_station_id,start_lat,start_lng,end_lat,end_lng,member_casual
JC-202205-citibike-tripdata.csv, ride_id,rideable_type,started_at,ended_at,start_station_name,start_station_id,end_station_name,end_station_id,start_lat,start_lng,end_lat,end_lng,member_casual
JC-202206-citibike-tripdata.csv, ride_id,rideable_type,started_at,ended_at,start_station_name,start_station_id,end_station_name,end_station_id,start_lat,start_lng,end_lat,end_lng,member_casual
JC-202207-citbike-tripdata.csv, ride_id,rideable_type,started_at,ended_at,start_station_name,start_station_id,end_station_name,end_station_id,start_lat,start_lng,end_lat,end_lng,member_casual
